case_id,model,temperature,generated_insight,generation_error
000042,Qwen-3-VL-8B,0.01,"In this local SHAP force plot for a Ridge regression model predicting a target value of 182.67, the model's decision is primarily driven by three features: 'age' (with a strong positive contribution, indicated by its large red segment), 'bmi' (also positive, with a substantial red segment), and's2' (with a strong negative contribution, shown by its large red segment extending leftward). The direction of impact is clear: higher 'age' and 'bmi' values increase the predicted outcome, while higher's2' values decrease it. In terms of magnitude, 'age' appears to be the most influential feature, followed by 'bmi', with's2' being the second most influential negative feature. The remaining features ('sex', 'bp','s1','s3','s4','s5','s6') contribute minimally, as their segments are small and mostly neutral or slightly positive, indicating they have a negligible effect on this specific prediction.",
000068,Qwen-3-VL-8B,0.01,"The global SHAP scatter plot for feature's5' reveals that this single feature is a primary driver of the SVR model's predictions in the diabetes progression task, with its impact directionally and quantitatively dominant. The plot shows a clear positive correlation: as the value of's5' increases (from approximately -0.10 to +0.10 on the x-axis), the SHAP value (representing the feature's contribution to the model output) increases substantially, spanning from negative to positive values (y-axis from -7.5 to +10.0). This indicates that higher's5' values are associated with higher predicted outcomes, signifying a positive effect on the model's prediction. The magnitude of this effect is large and consistent across the feature's range, as evidenced by the wide spread of SHAP values and the density of points concentrated in the upper-right quadrant (high's5', high SHAP value), suggesting's5' is a highly influential feature. The color gradient, which encodes the feature's value (blue for low, red for high), further confirms this, with red points (high's5') corresponding to high SHAP values, while blue points (low's5') correspond to low or negative SHAP values. The presence of a few extreme positive SHAP values (above 10.0) for high's5' values suggests that in some cases,'s5' can be a very strong positive driver of the prediction.",
000121,Qwen-3-VL-8B,0.01,"In this SHAP Waterfall plot for a local DecisionTreeClassifier prediction on a malignant breast cancer case, the model's output (E[f(X)] = 0.373) is decomposed into feature contributions, revealing that the most influential features are ""worst radius"" (+0.25), ""area error"" (+0.19), and ""concavity error"" (+0.22), which collectively exert a strong positive influence on the model's decision to classify the instance as malignant. These three features account for the largest contributions, with ""worst radius"" being the single most impactful feature, followed by ""area error"" and ""concavity error"". Other features such as ""mean texture"" (+0.13) and ""worst concave points"" (+0.08) also contribute positively, while ""mean concavity"" (-0.04) and ""worst concavity"" (-0.04) exert a negative influence, indicating that lower values for these features are associated with the malignant class in this specific instance. The remaining 21 features have negligible impact, contributing zero to the final prediction.",
000279,Qwen-3-VL-8B,0.01,"In this global SHAP heatmap for an MLPRegressor predicting fuel efficiency (MPG), displacement and weight emerge as the most dominant drivers of the model’s output, with displacement exhibiting a strong positive impact (red hues) and weight showing a strong negative impact (blue hues), indicating that heavier cars with larger engines tend to have lower MPG. Horsepower also contributes significantly with a positive impact, while acceleration shows a relatively minor but consistent positive contribution. Model-year displays a moderate positive influence, suggesting newer models may be more efficient, and cylinders show a weak negative impact, implying that more cylinders generally correlate with lower efficiency. The magnitude of impact is visually ordered from strongest to weakest: displacement > weight > horsepower > model-year > acceleration > cylinders, with displacement and weight being the most influential features overall.",
000356,Qwen-3-VL-8B,0.01,"Based on the SHAP beeswarm plot for the logistic regression model predicting wine cultivar class_0, the most influential features driving the model’s decision are proline, flavanoids, and alcohol, which exhibit strong positive SHAP values, indicating they increase the likelihood of the target class. Proline shows the highest magnitude of positive impact, followed closely by flavanoids and alcohol, suggesting these chemical properties are key discriminators. Conversely, features such as malic_acid, ash, and magnesium display negative SHAP values, meaning higher values of these features decrease the model’s predicted probability for class_0. The magnitude of impact is visually ordered by the spread and density of points along the x-axis, with proline and flavanoids showing the widest spread and highest concentration of positive values, while features like alcalinity_of_ash and magnesium show more moderate and mixed impacts. The “Sum of 4 other features” category, positioned near the center, indicates a relatively neutral or low-impact contribution to the model’s output.",
000630,Qwen-3-VL-8B,0.01,"Based on the SHAP PermutationExplainer visualization for the SVR forest fire burned area prediction model, the most influential features driving the model’s decision are DC (Dry Casement), DMC (Duff Moisture Code), and FFMC (Fine Fuel Moisture Code), which collectively exhibit the strongest positive impact on the model output, as indicated by their high density of lines extending toward the upper right (high model output values). These three features are followed by RH (Relative Humidity), which shows a strong negative impact (lines extending toward the lower left), and temp (temperature), which also has a significant positive influence. The remaining features—X, Y, month, day, ISI (Initial Spread Index), and wind—contribute to a lesser extent, with their influence appearing more diffuse and less concentrated in the high-impact region, suggesting they play a secondary role in the model’s prediction. The magnitude of importance is visually ordered by the concentration and spread of lines: DC, DMC, and FFMC are most dominant, followed by RH and temp, with the others showing comparatively weaker contributions to the model’s output variance.",
000975,Qwen-3-VL-8B,0.01,"In this local LIME explanation for a malignant (class 0) breast cancer prediction, the model is most strongly influenced by features indicating high severity in tumor morphology, with the most impactful feature being “worst area” (range -0.64 to -0.34), which has a large negative contribution, suggesting that larger tumor areas are a strong indicator of malignancy. Other highly influential features include “worst texture” (range -0.74 to -0.05) and “mean area” (range -0.66 to -0.29), both showing substantial negative contributions, reinforcing that both the worst and mean tumor area and texture are critical discriminators. The features with the next largest negative impact are “worst perimeter” and “radius error,” indicating that tumor perimeter and measurement error are also significant. Notably, several features such as “fractal dimension error,” “perimeter error,” “worst fractal dimension,” “texture error,” and “compactness error” exhibit positive contributions (green bars), suggesting that higher error in these measurements or higher fractal dimension values are associated with the malignant class, likely reflecting irregular tumor boundaries or measurement inconsistencies. The magnitude of impact is visually ordered by bar length, with “worst area” being the most dominant negative driver, followed by “worst texture” and “mean area,” while the positive contributors are comparatively smaller in magnitude.",
001074,Qwen-3-VL-8B,0.01,"The model's prediction of 9.27 is primarily driven by the feature ""DC"" (with a value of -1.75), which exerts a strong negative influence, followed by ""DMC"" (-1.28) and ""FFMC"" (-0.91), all contributing negatively to the prediction. The most impactful positive contributor is ""X"" (value 0.58), followed by ""Y"" (0.56) and ""RH"" (2.98), with ""RH"" showing the largest positive effect among the positive features. The magnitude of influence is visually ordered by bar length: DC (strongest negative), DMC, FFMC, then the positive features RH, Y, X, with ""RH"" being the most significant positive driver. The remaining features—rain, month, temp, ISI, and the interaction term ""temp <= -0.59""—show smaller, less dominant effects, with ""rain"" and ""month"" contributing negatively and ""temp"" and ""ISI"" showing moderate negative impacts.",
001204,Qwen-3-VL-8B,0.01,"The 1D ALE plot for the 'horsepower' feature reveals that higher horsepower values exert a consistently negative effect on fuel efficiency (MPG), as indicated by the downward-sloping blue line, which signifies that as horsepower increases, the predicted MPG decreases. The magnitude of this negative impact is substantial, beginning at approximately 4.0 for low horsepower (around 50) and declining to around -2.0 for very high horsepower (above 200), suggesting that high horsepower engines are strongly associated with lower fuel efficiency. The 95% confidence interval, shown as the shaded gray region, remains relatively narrow and consistently below zero across the entire range, reinforcing the statistical confidence in this negative relationship. The feature's global importance is evident from the large, continuous effect observed across the entire domain, indicating that 'horsepower' is a dominant driver of the model's predictions for fuel efficiency.",
001250,Qwen-3-VL-8B,0.01,"The 2D ALE plot reveals that the model’s predictions for wine cultivar classification are primarily driven by the interaction between 'color_intensity' and 'hue', with 'color_intensity' exhibiting a stronger marginal effect. The color gradient indicates that higher 'color_intensity' values (yellow to green) are associated with a positive effect on the prediction (up to +0.01), while lower 'color_intensity' values (purple to blue) correspond to a negative effect (down to -0.06). Similarly, 'hue' shows a gradient where higher values (right side of x-axis) are linked to a positive effect, and lower values (left side) to a negative effect, though the magnitude of this effect appears less pronounced than for 'color_intensity'. The interaction plot demonstrates that the combined effect of these two features is non-linear and complex, with regions of high positive impact (e.g., high 'color_intensity' and high 'hue') and regions of high negative impact (e.g., low 'color_intensity' and low 'hue'), indicating that the model’s decision boundary is shaped by their joint distribution rather than either feature in isolation.",
000042,Qwen-3-VL-8B,0.2,"In this local SHAP force plot for a Ridge regression model predicting a target value of 182.67, the model's decision is primarily driven by the features 'age', 'bmi', and 'bp', which exhibit the largest positive contributions, pulling the prediction upward. The feature's2' shows the most significant negative impact, acting as a strong counterforce that pulls the prediction downward. The remaining features—'sex','s1','s3','s4','s5','s6'—contribute minimally, with'sex' showing a small positive contribution and the others appearing near zero, indicating they have negligible influence on this specific prediction. The magnitude of impact is ordered as:'s2' (strong negative) > 'age' > 'bmi' > 'bp' >'sex' (small positive), with the other features contributing negligibly to the final value.",
000068,Qwen-3-VL-8B,0.2,"The global SHAP scatter plot for feature's5' reveals that this single feature is a primary driver of the SVR model's predictions for diabetes progression, with its impact directionally split: negative values of's5' (left side of x-axis) are associated with lower predicted outcomes (SHAP values below zero), while positive values of's5' (right side) are associated with higher predicted outcomes (SHAP values above zero). The magnitude of influence is substantial, as evidenced by the wide spread of SHAP values ranging from approximately -7.5 to +10.0, indicating that's5' can significantly shift the model's output. The color gradient, representing the feature's value, confirms this: points with more negative's5' values (blue) correspond to lower SHAP values, while points with more positive's5' values (red) correspond to higher SHAP values, demonstrating a clear, monotonic relationship where higher's5' values consistently push the model's prediction upward.",
000121,Qwen-3-VL-8B,0.2,"In this local SHAP waterfall plot for a breast cancer malignant prediction using a DecisionTreeClassifier, the model's final prediction (E[f(X)] = 0.373) is driven by a small set of features with the most significant contributions, while the remaining 21 features have negligible impact (all +0). The most influential feature is ""worst radius"" with a strong positive contribution of +0.25, followed by ""area error"" at +0.22, and ""worst concave points"" at +0.19. These three features collectively account for the majority of the model's output. Other notable contributors include ""mean texture"" (+0.13) and ""concavity error"" (+0.08), while ""worst concavity"" and ""mean concavity"" show negative contributions of -0.04 and -0.13 respectively, indicating they decrease the likelihood of a malignant prediction. The visual hierarchy clearly shows that features capturing extreme or error-based measurements (e.g., ""worst"" metrics and ""error"" metrics) are the primary drivers of the model's decision, with their contributions ordered by magnitude from largest to smallest.",
000279,Qwen-3-VL-8B,0.2,"In this global SHAP heatmap for an MLPRegressor predicting fuel efficiency (MPG), displacement and weight emerge as the most dominant drivers of the model’s output, with displacement exhibiting a strong positive impact (red hues) and weight showing a strong negative impact (blue hues), indicating that heavier cars with larger engines tend to have lower MPG. Horsepower also contributes significantly with a positive influence, while acceleration shows a moderate positive contribution. Model-year displays a relatively weak but consistent positive impact across instances, suggesting a gradual improvement in efficiency over time. Cylinders, despite being a key automotive feature, shows the weakest overall influence, with its impact varying across instances but generally trending slightly negative. The magnitude of impact is visually ordered from strongest to weakest as: displacement > weight > horsepower > acceleration > model-year > cylinders, with displacement and weight being the most influential features in opposite directions, fundamentally shaping the model’s predictions.",
000356,Qwen-3-VL-8B,0.2,"Based on the SHAP beeswarm plot for the logistic regression model predicting wine cultivar class_0, the most influential features driving the model’s decision are proline, flavanoids, and alcohol, which exhibit strong positive SHAP values, indicating they increase the likelihood of the target class. Proline shows the highest magnitude of positive impact, followed closely by flavanoids and alcohol, suggesting these chemical properties are critical discriminators. Conversely, features like malic_acid, ash, and magnesium display negative SHAP values, meaning higher values for these features decrease the probability of the target class. The remaining features, including alcalinity_of_ash and color_intensity, show moderate positive impacts, while the “Sum of 4 other features” demonstrates a relatively small but positive contribution. Overall, the model relies heavily on a combination of high-protein (proline) and phenolic (flavanoids) compounds, with alcohol acting as a secondary strong positive driver, while certain mineral components (ash, magnesium) act as negative indicators.",
000630,Qwen-3-VL-8B,0.2,"Based on the SHAP PermutationExplainer decision plot for the SVR forest fire burned area prediction model, the most influential features driving the model's output are DC (Dry Casement, positive impact), DMC (Duff Moisture Code, positive impact), and ISI (Initial Spread Index, positive impact), which collectively exhibit the highest magnitude of importance as indicated by their wide spread and high density of lines near the top of the plot. These features are followed by FFMC (Fine Fuel Moisture Code, positive impact) and RH (Relative Humidity, negative impact), which show strong influence but with a more moderate spread. The remaining features—temp, month, X, Y, day, wind, and rain—contribute less significantly to the model's decision, as evidenced by their narrower spread and lower position on the x-axis, indicating their marginal impact on the predicted burned area. The visual clustering of lines for DC, DMC, and ISI near the upper end of the model output scale confirms their dominant role in determining the final prediction value.",
000975,Qwen-3-VL-8B,0.2,"In this local LIME explanation for a malignant (class 0) breast cancer prediction, the model is most strongly influenced by features indicating high severity in tumor morphology, with the most impactful feature being “worst area” (range -0.64 to -0.34), which has a strong negative contribution (red bar, indicating it pushes the model toward class 0) and is the largest contributor in magnitude. Other key drivers include “worst texture” (range -0.74 to -0.05, also strongly negative), “mean area” (range -0.66 to -0.29, negative), and “worst perimeter” (range -0.69 to -0.28, negative), all of which reinforce the malignant classification through their high negative values. Conversely, features such as “fractal dimension error” (range -0.22 to 0.25, positive contribution, green bar) and “compactness error” (range -0.69 to -0.28, positive contribution, green bar) have a positive impact on the prediction, suggesting that deviations in these error metrics are associated with malignancy. The magnitude of influence is ordered by bar length: “worst area” is the most influential, followed by “worst texture” and “mean area”, with the positive contributors being comparatively smaller in magnitude.",
001074,Qwen-3-VL-8B,0.2,"The model's prediction of 9.27 is primarily driven by the feature ""DC"" (with a value of -1.75), which exerts a strong negative influence, followed by ""DMC"" (-1.28) and ""FFMC"" (-0.91), all contributing negatively to the prediction. The most impactful positive contributor is ""X"" (value 0.58), followed by ""Y"" (0.56) and ""RH"" (2.98), with ""RH"" showing the largest positive magnitude. The feature ""temp"" (value -1.31) also contributes negatively, while ""month"" (-1.09) and ""rain"" (-0.07) show smaller negative impacts. The relative importance is visually ordered by bar length, with ""DC"" being the most influential negative feature and ""X"" the most influential positive feature, indicating that the model interprets high DC values as associated with lower burned area predictions, while high X values (likely a transformed or derived feature) are associated with higher predictions.",
001204,Qwen-3-VL-8B,0.2,"The 1D ALE plot for the 'horsepower' feature reveals that higher horsepower values exert a consistently negative effect on the predicted fuel efficiency (MPG), as indicated by the downward-sloping blue line. The effect starts at approximately +4 for low horsepower (around 50) and decreases monotonically to near -2 for very high horsepower (around 225), demonstrating that as horsepower increases, the model predicts a significant reduction in fuel efficiency. The 95% confidence interval, shown as the shaded gray region, remains relatively narrow and centered around the main trend line across the entire range, indicating that the model's sensitivity to this feature is strong and consistent, with no significant fluctuations in the magnitude of its impact. The magnitude of this effect is substantial, as the total change in predicted MPG spans over 6 units, making 'horsepower' a dominant driver of the model's output in this global analysis.",
001250,Qwen-3-VL-8B,0.2,"The 2D ALE plot reveals that the model’s predictions for wine cultivar classification are primarily driven by the interaction between 'color_intensity' and 'hue', with 'color_intensity' exhibiting a stronger marginal effect. The color gradient indicates that higher 'color_intensity' values (yellow to green) are associated with a positive effect on the prediction (up to +0.01), while lower 'color_intensity' values (purple to blue) correspond to a negative effect (down to -0.06). Similarly, 'hue' shows a clear trend: higher 'hue' values (right side of x-axis) are linked to a positive effect, while lower 'hue' values (left side) are associated with a negative effect. The magnitude of the effect is most pronounced for 'color_intensity', as evidenced by the wider spread of color intensity values across the y-axis and the larger range of effect values (from -0.06 to +0.01) compared to 'hue', which shows a more compressed effect range. The interaction between these two features is evident in the banded structure, suggesting that their combined values significantly influence the model’s output, with the most influential combinations occurring in the upper-left quadrant (high color_intensity, low hue) and lower-right quadrant (low color_intensity, high hue).",
000042,Qwen-3-VL-8B,0.4,"In this local SHAP force plot for a Ridge regression model predicting a target value of 182.67, the model’s decision is primarily driven by age, which exhibits a strong positive contribution, followed by bmi and sex, which also contribute positively but to a lesser extent. The feature s2 shows a significant negative impact, pulling the prediction down, while s1, s3, s4, s5, and s6 have minimal or negligible influence on the outcome. The magnitude of impact is ordered as: age > bmi > sex > s2, with age being the dominant driver due to its large positive contribution, followed by bmi and sex which add to the prediction, and s2 which acts as a counteracting negative factor.",
000068,Qwen-3-VL-8B,0.4,"The global SHAP scatter plot for feature's5' reveals that this single feature is a primary driver of the SVR model’s predictions in the diabetes progression task, with its impact directionally consistent across the dataset: higher values of's5' are associated with higher predicted outcomes, while lower values correlate with lower predictions. The magnitude of its importance is substantial, as evidenced by the wide spread of SHAP values ranging from approximately -7.5 to +10.0, indicating that's5' can significantly influence the model’s output. The color gradient, representing the feature’s value (s5), confirms this trend, with points shifting from negative to positive SHAP values as's5' increases, and the density of points concentrated around the central tendency of the feature’s distribution. The presence of both positive and negative SHAP values suggests that's5' can have either a positive or negative effect on the prediction depending on its value, but its overall influence is strong and non-linear, as indicated by the curved, non-uniform distribution of points.",
000121,Qwen-3-VL-8B,0.4,"In this SHAP Waterfall plot for a local DecisionTreeClassifier prediction on a malignant breast cancer case, the model's output (E[f(X)] = 0.373) is decomposed into contributions from input features, with the most influential features being ""worst radius"" (+0.25), ""area error"" (+0.22), and ""worst concave points"" (+0.19), all of which have a positive contribution, indicating they push the model toward the malignant class. These are followed by ""mean texture"" (+0.13) and ""worst concavity"" (+0.08), which also contribute positively. Conversely, ""mean concavity"" (-0.13) and ""mean texture"" (-0.04) exert negative influence, pulling the prediction away from malignancy. The remaining 21 features, including ""worst area"" (0.05) and ""concavity error"" (0.054), contribute minimally or neutrally, with ""worst area"" showing a small positive impact. The total contribution from all features sums to the final expected value, with the largest positive contributions dominating the decision, suggesting that high values in worst radius, area error, and concave points are strong indicators of malignancy in this specific instance.",
000279,Qwen-3-VL-8B,0.4,"In this global SHAP heatmap for an MLPRegressor predicting fuel efficiency (MPG), displacement and weight emerge as the most dominant drivers of the model’s output, with displacement exhibiting a strong positive impact (red shading) and weight showing a strong negative impact (blue shading), indicating that larger engines and heavier vehicles are associated with lower MPG. Model-year also contributes significantly, with a predominantly positive influence (light red), suggesting newer vehicles tend to have better fuel efficiency. Horsepower and acceleration show moderate positive contributions, while cylinders have a relatively weak, mostly neutral impact. The visual magnitude of the SHAP values, as indicated by the color intensity and the scale from -14.83 to 14.83, confirms that displacement and weight are the most influential features, followed by model-year, with horsepower and acceleration playing secondary roles, and cylinders having the least impact on the model’s predictions.",
000356,Qwen-3-VL-8B,0.4,"Based on the SHAP beeswarm plot for the logistic regression model predicting wine cultivar class_0, the most influential features driving the model’s decision are proline, flavanoids, and alcohol, which exhibit strong positive SHAP values, indicating they increase the predicted probability of class_0. Proline shows the highest magnitude of positive impact, followed closely by flavanoids and alcohol, suggesting these chemical properties are key discriminators for this class. Conversely, features such as malic_acid, ash, and alcalinity_of_ash display negative SHAP values, meaning higher values of these features decrease the likelihood of the model predicting class_0. The magnitude of impact is visually ordered along the x-axis, with proline’s spread extending furthest to the right, indicating its dominant influence, while features like ‘Sum of 4 other features’ and ‘od280/od315_of_diluted_wines’ show comparatively smaller, more moderate contributions. The color gradient (blue to red) further confirms that higher feature values (red) correlate with stronger positive SHAP contributions, reinforcing the dominance of proline and flavanoids in the model’s decision-making process.",
000630,Qwen-3-VL-8B,0.4,"Based on the SHAP PermutationExplainer visualization for the SVR forest fire burned area prediction model, the most influential features driving the model's decision are 'DC' (Duff Consumption), 'DMC' (Duff Moisture Code), and 'FFMC' (Fine Fuel Moisture Code), which collectively exhibit strong positive contributions to the model output, indicating that higher values of these fire behavior indices are associated with larger predicted burned areas. These are followed by 'temp' (temperature) and 'RH' (relative humidity), which also show significant positive influence, suggesting that hotter and drier conditions increase fire risk. The features 'X' and 'Y' (spatial coordinates) appear to have a relatively minor impact, while'month', 'day', 'wind', and 'rain' show moderate to low influence, with 'rain' potentially having a negative effect (as suggested by its position on the lower end of the x-axis). The magnitude of importance is visually ordered by the spread and density of the lines: 'DC', 'DMC', and 'FFMC' dominate the upper portion of the plot, indicating their largest contribution to model output variance, followed by 'temp' and 'RH', with the remaining features showing progressively smaller effects.",
000975,Qwen-3-VL-8B,0.4,"In this local explanation for a malignant (class 0) breast cancer prediction, the model is most strongly influenced by features indicating severe abnormalities in tumor morphology, with the most impactful feature being “worst area” (with a value range of -0.64 < worst area <= -0.34), which has the largest negative contribution, suggesting that a large tumor area is a strong indicator of malignancy. Other significant negative contributors include “worst texture” (-0.74 < worst texture <= -0.05) and “mean area” (-0.66 < mean area <= -0.29), both of which reinforce the model’s decision. Notably, several error-based features — specifically “fractal dimension error” (-0.22 < fractal dimension error <= 0.25), “radius error” (-0.69 < radius error <= -0.28), “perimeter error” (-0.28 < perimeter error <= -0.20), “worst fractal dimension error” (-0.21 < worst fractal dimension error <= 0.46), “texture error” (-0.68 < texture error <= -0.20), and “compactness error” (-0.69 < compactness error <= -0.28) — also exhibit substantial negative influence, indicating that deviations from expected patterns in these measurements are highly predictive of malignancy. The magnitude of their impact is visually comparable to the top features, with “worst area” being the strongest driver, followed closely by “worst texture” and “mean area,” while the error features collectively contribute meaningfully to the model’s confidence in this malignant classification.",
001074,Qwen-3-VL-8B,0.4,"Based on the LIME dashboard visualization for the local prediction of 9.27, the model’s decision is primarily driven by a small set of features with high local importance: DC (with a strong positive impact, coefficient 15.22), DMC (negative impact, -13.24), and FFMC (negative impact, -8.06), which together account for the largest contributions. The feature RH shows a positive contribution (4.43), while temp (negative, -3.48) and Y (positive, 0.56) have smaller but still notable effects. The remaining features—month, rain, ISI, and X—contribute minimally to this specific prediction, with their impacts being either negligible or counteracting the dominant drivers. The visualization clearly shows that the model assigns the highest weight to DC, followed by DMC and FFMC, indicating that the model interprets the current environmental conditions as being most sensitive to the DC index, followed by DMC and FFMC, to predict the burned area.",
001204,Qwen-3-VL-8B,0.4,"The 1D ALE plot for the 'horsepower' feature reveals that higher horsepower values exert a consistently negative effect on the predicted fuel efficiency (MPG), with the effect magnitude increasing in strength as horsepower rises from approximately 50 to 150, after which it stabilizes at a near-constant negative impact. The plot shows a steep, downward-sloping curve from a high positive effect (around +4 at 50 horsepower) to a strong negative effect (around -2 at 150 horsepower), indicating that as horsepower increases, the model predicts a significant and sustained decrease in fuel efficiency. The 95% confidence interval, depicted as the shaded area, confirms this trend is statistically significant across the feature's range, with the interval narrowing at higher horsepower values, suggesting greater model certainty in its negative prediction for high-horsepower vehicles. This demonstrates that 'horsepower' is the dominant feature driving the model’s prediction, with its influence being both directionally negative and quantitatively substantial relative to other features.",
001250,Qwen-3-VL-8B,0.4,"The 2D ALE plot reveals that the model’s predictions for wine cultivar classification are primarily driven by the interaction between 'color_intensity' and 'hue', with 'color_intensity' exhibiting a more dominant effect. The color gradient indicates that higher 'color_intensity' values (bright yellow) correspond to a positive effect on the prediction (approximately +0.01), while lower values (dark purple) correspond to a negative effect (down to -0.06). 'Hue' shows a more complex, non-linear interaction: for low 'hue' values (around 0.6–0.8), the effect is strongly negative (dark purple), but for higher 'hue' values (1.0–1.6), the effect becomes positive (green to yellow), suggesting the model interprets higher 'hue' as favorable for the target class. The magnitude of the 'color_intensity' effect is larger and more consistent across 'hue' ranges, indicating it is the more important feature, while 'hue' modulates the prediction in a non-monotonic, context-dependent manner.",
000042,Pixtral-12B,0.01,"The xAI visualization for the diabetes progression prediction model reveals that several features significantly influence the model's prediction of 182.67. Notably, the feature ""s2"" has a substantial negative impact on the prediction, as indicated by the red coloration and the corresponding value of -0.0348. Conversely, ""bmi"" and ""sex"" have positive contributions, with ""bmi"" showing a value of 0.0616 and ""sex"" having a value of 0.0506. The feature ""s2"" appears to be the most influential, followed by ""bmi"" and ""sex,"" which have lesser but still significant positive contributions. The interplay of these features suggests that higher values of ""s2"" reduce the predicted outcome, whereas higher values of ""bmi"" and ""sex"" increase it. This analysis underscores the importance of these specific features in the model's decision-making process for predicting diabetes progression.",
000068,Pixtral-12B,0.01,"The scatter plot visualizes the SHAP (SHapley Additive exPlanations) values for the feature labeled ""s5"" in a diabetes progression prediction model. The x-axis represents the original feature values of ""s5,"" while the y-axis shows the corresponding SHAP values for ""s5."" The color gradient from blue to red indicates the values of another feature, ""s2,"" with blue representing lower values and red representing higher values. The data points are clustered along a diagonal trend, suggesting a strong positive correlation between the original feature values of ""s5"" and their SHAP values. This indicates that as the feature ""s5"" increases, it has a positive impact on the model's prediction. The spread of points along the y-axis indicates varying levels of influence, with higher SHAP values corresponding to higher feature values of ""s5."" The color gradient further suggests that the feature ""s2"" also plays a role in the model's decision, with different levels of ""s2"" affecting the SHAP values of ""s5."" Overall, the plot highlights the significant positive impact of the feature ""s5"" on the model's predictions, modulated by the influence of the feature ""s2.""",
000121,Pixtral-12B,0.01,"The waterfall graph from the SHAP (SHapley Additive exPlanations) analysis for a DecisionTreeClassifier in a breast cancer classification task reveals several key features driving the model's decision. The feature ""worst radius"" has the most significant positive impact, increasing the prediction by 0.25, making it a critical factor in the model's decision. ""Concavity error"" and ""area error"" also positively influence the prediction, with increases of 0.22 and 0.19, respectively. Conversely, ""mean texture"" and ""worst texture"" have negative impacts, decreasing the prediction by 0.13 and 0.04, respectively. Other notable features include ""worst concave points"" and ""worst area,"" which have smaller positive contributions. The features ""mean concavity,"" ""worst concavity,"" and ""21 other features"" have no impact in this specific instance. Overall, the graph indicates that the model's decision is heavily influenced by the radius and error-related features, with both positive and negative contributions from various texture and concavity measures.",
000279,Pixtral-12B,0.01,"The heatmap visualization using SHAP values provides a detailed overview of how various features influence the model's predictions for fuel efficiency in automotive data. The features analyzed include displacement, model-year, weight, cylinders, acceleration, and horsepower. Notably, displacement and weight are significant drivers in the model's decision, with their impacts varying across instances. Displacement tends to have a more substantial positive influence on the prediction in several instances, whereas weight shows a mix of positive and negative impacts, indicating its variable effect on fuel efficiency. Model-year also plays a considerable role, with both positive and negative impacts observed across different instances. Cylinders, acceleration, and horsepower have less consistent and generally weaker impacts compared to the other features, suggesting they are less critical in determining the model's predictions. Overall, displacement and weight are the most influential features, with model-year also contributing significantly, while cylinders, acceleration, and horsepower have a more moderate and less predictable impact on the model's output.",
000356,Pixtral-12B,0.01,"The SHAP beeswarm plot reveals several key features that significantly influence the model's decision for the wine cultivar classification, particularly for class_0. The feature ""proline"" has a notably high positive impact, as indicated by the red dots on the right side of the plot, suggesting that higher values of proline are strongly associated with the target class. Conversely, ""flavanoids"" and ""alcalinity_of_ash"" show a mix of positive and negative impacts, with some instances of high positive influence, indicating their variable influence on the model's output. Features such as ""malic_acid,"" ""alcohol,"" and ""color_intensity"" exhibit a more balanced distribution around the zero line, implying a neutral to slightly positive or negative effect on the prediction. The feature ""ash"" and the ""sum of 4 other features"" have a predominantly negative impact, as evidenced by the blue dots on the left side of the plot, indicating that lower values of these features are associated with the target class. Overall, the magnitude of importance varies, with ""proline"" being the most influential, followed by ""flavanoids"" and ""alcalinity_of_ash,"" while other features like ""ash"" and the ""sum of 4 other features"" have a lesser but still significant impact.",
000630,Pixtral-12B,0.01,"The provided SHAP decision plot for the SVR model used in predicting forest fire burned areas reveals several key insights into how various features influence the model's output. The features ""DC,"" ""DMC,"" and ""RH"" are prominently driving the model's decisions, with their impact visualized in both blue and red lines, indicating their positive and negative contributions to the predictions, respectively. Notably, ""DC"" and ""DMC"" have a significant positive effect when their values are lower, while ""RH"" shows a notable negative impact when its values are higher. ""FFMC"" and ""temp"" also play a substantial role, with ""FFMC"" showing a positive influence at lower values and ""temp"" having a negative impact at higher values. Features like ""month,"" ""day,"" ""X,"" ""Y,"" ""wind,"" ""ISI,"" and ""rain"" have less pronounced effects, suggesting they are less critical in determining the model's predictions. Overall, the magnitude of importance is highest for ""DC,"" ""DMC,"" and ""RH,"" followed by ""FFMC"" and ""temp,"" while the remaining features contribute minimally to the model's output.",
000975,Pixtral-12B,0.01,"The provided xAI visualization for the local explanation of class 0 in a breast cancer classification model reveals several key features that significantly influence the model's decision. The features driving the prediction for class 0 (malignant) include ""worst area,"" ""worst texture,"" ""mean area,"" ""fractal dimension error,"" ""worst perimeter,"" ""radius error,"" ""perimeter error,"" ""worst fractal dimension,"" ""texture error,"" and ""compactness error."" Notably, ""worst texture"" and ""worst area"" have the most substantial negative impact on the prediction, indicating that higher values in these features are strongly associated with the malignant class. Conversely, ""fractal dimension error"" and ""worst fractal dimension"" have a positive impact, suggesting that lower values in these features correlate with the malignant class. The magnitude of their importance is depicted by the length of the bars, with ""worst texture"" and ""worst area"" being the most influential, followed by ""mean area"" and ""fractal dimension error."" This analysis underscores the critical role of textural and dimensional characteristics in the model's classification of malignant breast cancer cases.",
001074,Pixtral-12B,0.01,"The visual graph illustrates the impact of various features on the model's prediction for forest fire burned area. The most significant feature driving the decision is ""DC,"" which has a substantial negative impact with a value of -1.75, contributing to a lower predicted value. Other features with notable negative contributions include ""DMC"" (-1.28), ""month"" (-1.09), and ""FFMC"" (-0.91). Conversely, ""RH"" has a positive impact, increasing the prediction with a value of 2.98. Features such as ""rain,"" ""day,"" and ""temp"" also have minor negative contributions, while ""ISI"" has a moderate negative impact. The feature ""X"" has a small positive contribution, and ""Y"" has a slight negative effect. Overall, the model's prediction is predominantly influenced by the negative contributions of ""DC"" and ""DMC,"" with ""RH"" providing a counterbalancing positive effect.",
001204,Pixtral-12B,0.01,"The provided 1D ALE plot illustrates the effect of horsepower on the prediction of fuel efficiency (MPG) in a regression model. The blue line represents the average effect of horsepower on the MPG prediction, while the shaded gray area indicates the 95% confidence interval. The plot reveals that as horsepower increases from approximately 40 to 100, there is a noticeable negative effect on the predicted MPG, suggesting that higher horsepower tends to reduce fuel efficiency. This effect is most pronounced between 40 and 100 horsepower, where the slope of the blue line is steepest. Beyond 100 horsepower, the impact of horsepower on MPG prediction becomes less significant, stabilizing around a minimal negative effect. The confidence interval narrows as horsepower increases, indicating more certainty in the model's predictions for higher horsepower values. Overall, horsepower is a critical feature driving the model's decision, with a clear negative impact on predicted fuel efficiency, particularly at lower to mid-range horsepower values.",
001250,Pixtral-12B,0.01,"The 2D ALE plot visualizes the effect of two features, ""color_intensity"" and ""hue,"" on the model's prediction for the target variable ""class_1"" in a RandomForestClassifier used for wine cultivar classification. The plot reveals that ""hue"" has a significant impact on the prediction, particularly around the value of 0.8, where the effect is notably negative, as indicated by the darker blue shades. This suggests that lower values of ""hue"" are associated with a higher likelihood of the target class. Conversely, ""color_intensity"" shows a less pronounced effect, with minor variations across its range, indicating a relatively stable and less impactful influence on the prediction. The overall magnitude of the effect for ""hue"" is more substantial compared to ""color_intensity,"" highlighting its greater importance in the model's decision-making process.",
000042,Pixtral-12B,0.2,"The attached xAI visualization illustrates the local interpretability of a Ridge regression model used for predicting diabetes progression. The target value being analyzed is 182.67. The features that are driving the model's decision include age, sex, bmi, and several other variables labeled as s1 through s6. Notably, the feature ""s2"" has a negative impact on the prediction, as indicated by the red color, suggesting that higher values of ""s2"" lead to a lower predicted outcome. Conversely, ""bmi"" and ""sex"" have positive impacts, with higher values of these features contributing to a higher predicted outcome. The magnitude of the impact varies, with ""bmi"" and ""sex"" showing stronger contributions compared to other features. This analysis provides a clear understanding of how specific features influence the model's prediction for the given target value.",
000068,Pixtral-12B,0.2,"The scatter plot visualizes the SHAP (SHapley Additive exPlanations) values for the feature labeled ""s5"" in a diabetes progression prediction model. The x-axis represents the actual values of the feature ""s5,"" while the y-axis shows the corresponding SHAP values for ""s5."" The color gradient, ranging from blue to red, indicates the values of another feature, ""s2,"" with blue representing lower values and red representing higher values. The data points are clustered along a diagonal trend, suggesting a strong positive correlation between the actual values of ""s5"" and its SHAP values. This indicates that as the value of ""s5"" increases, the SHAP value also increases, implying a positive impact on the model's prediction. The spread of points along the y-axis indicates varying levels of influence, with higher SHAP values corresponding to higher feature values of ""s5."" The color gradient further suggests that the feature ""s2"" also plays a role in the model's decision-making process, with different levels of ""s2"" affecting the SHAP values of ""s5."" Overall, the plot highlights the significant and positive impact of the feature ""s5"" on the model's predictions, modulated by the influence of ""s2.""",
000121,Pixtral-12B,0.2,"The waterfall graph illustrates the impact of various features on the model's decision for a specific instance in a breast cancer classification task. The key features driving the model's decision include ""worst radius,"" which has the most significant positive impact with a value of +0.25, followed by ""concavity error"" with +0.22, and ""area error"" with +0.19. Conversely, ""mean texture"" has a notable negative impact with a value of -0.13. Other features such as ""worst concave points,"" ""worst area,"" and ""worst texture"" also contribute positively but to a lesser extent. Features like ""mean concavity,"" ""worst concavity,"" and ""21 other features"" have no impact in this instance. The cumulative effect of these features results in an expected value (E[f(x)]) of 0.373, indicating the model's prediction for this particular instance. The magnitude of these contributions highlights the relative importance of each feature in influencing the classification outcome.",
000279,Pixtral-12B,0.2,"The heatmap visualization using SHAP values provides a detailed overview of how various features influence the model's prediction of fuel efficiency in automotive data. The features analyzed include displacement, model-year, weight, cylinders, acceleration, and horsepower. The color gradient from blue to red indicates the direction of the feature's impact on the model output, with blue representing a negative impact and red a positive impact. Displacement and weight show a significant positive impact on the model's output, as indicated by the prevalence of red shades across many instances, suggesting that higher values in these features tend to increase the predicted fuel efficiency. Conversely, features like cylinders and horsepower exhibit a more mixed impact, with both positive and negative contributions across different instances. Model-year and acceleration have less consistent patterns, indicating their influence varies more widely across different data points. Overall, displacement and weight are the most impactful features, while cylinders and horsepower have more nuanced and variable effects on the model's predictions.",
000356,Pixtral-12B,0.2,"The SHAP beeswarm plot reveals several key insights into the factors driving the logistic regression model's decision for wine cultivar classification, specifically for class_0. The feature ""proline"" has a predominantly positive SHAP value, indicating that higher values of this feature significantly increase the likelihood of class_0. Conversely, ""flavanoids"" and ""alcalinity_of_ash"" show a mix of positive and negative impacts, suggesting that their influence on the model's output is more variable. ""Malic_acid"" and ""alcohol"" have a slightly positive impact, while ""color_intensity"" and ""od280/od315_of_diluted_wines"" show a negative influence, decreasing the likelihood of class_0. The feature ""magnesium"" and ""ash"" have minimal impact, clustering around zero. The ""Sum of 4 other features"" also shows a slight negative influence. Overall, ""proline"" is the most influential feature in increasing the likelihood of class_0, whereas ""color_intensity"" and ""od280/od315_of_diluted_wines"" are the most significant in decreasing it.",
000630,Pixtral-12B,0.2,"The visual graph illustrates the impact of various features on the model's decision for predicting forest fire burned areas using an SVR model with SHAP values. The features ""DC,"" ""DMC,"" and ""RH"" significantly influence the model's output, with their impact visualized in blue and red lines indicating the direction of their effect—blue lines showing a decrease in model output and red lines showing an increase. These features have a notable positive effect on the prediction when their values are higher, as seen by the clustering of red lines towards the right side of the graph. Conversely, features like ""temp,"" ""month,"" ""X,"" ""wind,"" ""day,"" ""Y,"" ""ISI,"" and ""rain"" have a more neutral or less pronounced impact, with their lines spread more evenly across the graph. The magnitude of their importance is relatively lower compared to ""DC,"" ""DMC,"" and ""RH,"" as indicated by the fewer and less concentrated lines. This analysis underscores the critical role of moisture-related features in the model's predictions, while other environmental factors play a more nuanced role.",
000975,Pixtral-12B,0.2,"The provided xAI visualization for the breast cancer classification model indicates that several features significantly influence the model's decision for class 0, which corresponds to malignant cases. The most impactful features driving the model's decision include ""worst area,"" ""worst texture,"" and ""mean area,"" all of which have a negative impact on the prediction, as indicated by the red bars extending to the left. These features suggest that higher values in these categories are associated with a higher likelihood of malignancy. Conversely, features such as ""fractal dimension error,"" ""worst fractal dimension,"" ""texture error,"" and ""compactness error"" have a positive impact, as shown by the green bars extending to the right, indicating that lower values in these categories correlate with the malignant class. The magnitude of their importance is visually represented, with ""worst area"" and ""worst texture"" being the most significant negative contributors, while ""fractal dimension error"" and ""worst fractal dimension"" are the most significant positive contributors. This analysis underscores the critical role of specific morphological and texture features in the model's classification of malignant breast cancer cases.",
001074,Pixtral-12B,0.2,"The visual graph illustrates the influence of various features on the model's prediction for a specific instance in a forest fire burned area prediction task. The key features driving the model's decision include DC, DMC, and temp, which have a negative impact on the predicted value, with DC being the most significant negative contributor. Conversely, features like RH and X have a positive effect, with RH showing the highest positive influence. The feature values indicate that higher values of DC (-1.75) and DMC (-1.28) correlate with lower predicted values, whereas higher RH (2.98) and Y (0.56) correlate with higher predicted values. The interplay of these features, particularly the negative contributions from DC and DMC and the positive contributions from RH and X, shapes the model's prediction for this instance.",
001204,Pixtral-12B,0.2,"The provided 1D ALE plot illustrates the effect of horsepower on the prediction of fuel efficiency (MPG) using a GradientBoostingRegressor model. The plot indicates that horsepower has a significant negative impact on MPG predictions, especially at lower values of horsepower. Initially, as horsepower increases from around 30 to 100, there is a steep decline in predicted MPG, suggesting that higher horsepower vehicles are associated with lower fuel efficiency. Beyond 100 horsepower, the effect plateaus, indicating diminishing returns in the impact of horsepower on fuel efficiency predictions. The shaded 95% confidence interval shows the variability and uncertainty in these predictions, which is wider at lower horsepower values, indicating higher uncertainty in those predictions. Overall, the plot highlights that horsepower is a critical feature in determining fuel efficiency, with higher horsepower leading to significantly lower predicted MPG.",
001250,Pixtral-12B,0.2,"The 2D ALE plot visualizes the effect of two features, ""color_intensity"" and ""hue,"" on the model's prediction for the target class_1 in a RandomForestClassifier used for wine cultivar classification. The plot reveals that the feature ""hue"" has a significant impact on the prediction, particularly around the value of 0.8, where the effect is notably negative, as indicated by the dark blue region. This suggests that certain hues around this value substantially decrease the likelihood of class_1. Conversely, ""color_intensity"" shows a more varied impact, with positive effects (yellow regions) observed at lower intensities and negative effects (blue regions) at higher intensities. The magnitude of these effects is relatively balanced, with no single feature overwhelmingly dominating the prediction. Overall, the plot indicates that both ""hue"" and ""color_intensity"" play crucial roles in the model's decision-making process, albeit with different patterns of influence.",
000042,Pixtral-12B,0.4,"The provided xAI visualization for the Ridge model used in predicting diabetes progression reveals several key insights. The target value being analyzed is 182.67. The graph shows that the feature ""s1"" has a significant positive impact on the prediction, as indicated by the red color, suggesting that higher values of ""s1"" lead to higher predicted outcomes. Conversely, ""s2"" has a notable negative effect, with higher values of ""s2"" resulting in lower predicted outcomes, as depicted by the blue color. Features ""age,"" ""sex,"" and ""bmi"" also influence the prediction, but to a lesser extent compared to ""s1"" and ""s2."" The magnitude of their importance is relatively smaller, with ""bmi"" showing a slight positive impact and ""age"" and ""sex"" having minimal influence. Overall, the model's decision is primarily driven by the features ""s1"" and ""s2,"" with ""s1"" positively impacting and ""s2"" negatively impacting the predicted diabetes progression value of 182.67.",
000068,Pixtral-12B,0.4,"The scatter plot visualizes the SHAP (SHapley Additive exPlanations) values for the feature ""s5"" in a Support Vector Regression (SVR) model used for predicting diabetes progression. The x-axis represents the actual values of the feature ""s5,"" while the y-axis shows the corresponding SHAP values for ""s5."" The color gradient from blue to red indicates the values of another feature, ""s2,"" with blue representing lower values and red representing higher values. The data points are concentrated along a diagonal trend, suggesting a strong positive correlation between the actual values of ""s5"" and its SHAP values. This indicates that as the value of ""s5"" increases, the SHAP value also tends to increase, thereby positively influencing the model's predictions. The spread of data points around this trend line indicates the variability in the impact of ""s5"" across different values of ""s2."" Points further from the trend line (in blue or red) suggest a more significant influence of ""s2"" on the SHAP values for ""s5."" Overall, the feature ""s5"" has a substantial positive effect on the model's predictions, with its importance modulated by the values of ""s2.""",
000121,Pixtral-12B,0.4,"The waterfall graph provides a detailed breakdown of the factors influencing the model's decision for a specific instance in a breast cancer classification task. The key features driving the model's decision include ""worst radius"" (+0.25), ""concavity error"" (+0.22), and ""area error"" (+0.19), all of which have a positive impact, pushing the prediction towards the malignant class. Conversely, features like ""mean texture"" (-0.13) and ""worst texture"" (-0.04) have a negative impact, reducing the likelihood of malignancy. The ""worst concave points"" (+0.08) and ""worst area"" (+0.05) also contribute positively but to a lesser extent. Features such as ""mean concavity,"" ""worst concavity,"" and 21 other features have no observable impact in this particular instance. The cumulative effect of these features results in a significant prediction towards malignancy, with an expected value (E[f(x)]) of 0.373.",
000279,Pixtral-12B,0.4,"The attached SHAP heatmap visualization reveals the impact of various features on the model's prediction of fuel efficiency (MPG) in automotive data. The features analyzed include displacement, model-year, weight, cylinders, acceleration, and horsepower. The color gradient from blue to red indicates the direction and magnitude of each feature's impact on the model output, with blue representing negative contributions and red indicating positive contributions. Displacement and weight appear to have a significant positive impact on the model's predictions, as evidenced by the prevalent red hues across many instances. Conversely, features like horsepower and cylinders show more varied impacts, with instances of both positive (red) and negative (blue) contributions. Model-year and acceleration also exhibit notable impacts, but their effects are more nuanced and vary across different instances. Overall, displacement and weight are the most influential features, while horsepower and cylinders have more variable and context-dependent effects on the model's predictions.",
000356,Pixtral-12B,0.4,"The SHAP beeswarm plot illustrates the impact of various features on the model's decision for wine cultivar classification, specifically for class_0. The feature ""proline"" has a predominantly positive impact on the model's output, as evidenced by the majority of points being on the right side of the vertical axis, indicating higher SHAP values. Conversely, ""flavanoids"" and ""alcalinity_of_ash"" show a negative impact, with most points appearing on the left side, suggesting these features reduce the likelihood of class_0. Features like ""malic_acid,"" ""alcohol,"" and ""color_intensity"" exhibit both positive and negative influences, with a balanced distribution around the vertical axis, indicating varied impacts on the model's decision. ""Ash"" and the ""sum of 4 other features"" have minimal impact, as shown by their clustering around the vertical axis. Overall, ""proline"" is the most influential feature in driving the model's decision towards class_0, while ""flavanoids"" and ""alcalinity_of_ash"" tend to push the decision away from class_0.",
000630,Pixtral-12B,0.4,"The provided xAI visualization indicates that several features significantly influence the model's decision-making process for predicting forest fire burned areas. The most prominent features affecting the output are DC, DMC, and RH, with notable positive and negative impacts observed across the spectrum of model output values. Specifically, DC and DMC show a strong positive influence, particularly at higher output values, suggesting that these features are crucial for predicting larger burned areas. Conversely, RH has a more pronounced negative effect, especially at lower output values, indicating that higher relative humidity is associated with smaller predicted burned areas. Other features like FFMC, temp, and wind also contribute to the model's predictions but with lesser magnitude compared to DC, DMC, and RH. Overall, the visualization highlights the varying degrees of importance and direction of these features, providing a clear indication of their relative influence on the regression model's output.",
000975,Pixtral-12B,0.4,"The visual graph provides a detailed local explanation for the classification of a sample as class 0 (malignant) in a breast cancer classification model. The features driving the model's decision predominantly include ""worst area,"" ""worst texture,"" and ""mean area,"" which have significant negative contributions, indicating that higher values in these features are associated with the malignant classification. Among these, ""worst texture"" has the most substantial negative impact, followed by ""worst area"" and ""mean area."" Other notable features with negative contributions include ""worst perimeter,"" ""radius error,"" and ""perimeter error."" Conversely, features like ""fractal dimension error"" and ""worst fractal dimension"" have smaller positive contributions, suggesting that lower values in these features slightly mitigate the malignant classification. The magnitude of these contributions indicates a clear prioritization, with ""worst texture"" being the most critical feature influencing the model's decision, followed by ""worst area"" and ""mean area."" This analysis underscores the importance of textural and size-related attributes in determining the classification outcome for this particular sample.",
001074,Pixtral-12B,0.4,"The visual graph illustrates the impact of various features on the model's prediction for the target value of 9.27 in a forest fire burned area prediction task. The key features influencing the prediction include DC, DMC, and ISI, which have a negative impact, while features like RH and X have a positive influence. Specifically, DC and DMC have the most significant negative contributions, followed by ISI, temp, and FFMC, all of which reduce the predicted value. Conversely, RH and X notably increase the predicted value, with RH having a particularly strong positive effect. The feature values such as -1.75 for DC and -1.28 for DMC, along with 2.98 for RH and 0.58 for X, highlight their respective roles in the model's decision-making process. Overall, the interplay of these features, both positively and negatively, shapes the final prediction of 9.27.",
001204,Pixtral-12B,0.4,"The 1D ALE plot for the given model illustrates the effect of the feature ""horsepower"" on the prediction of fuel efficiency (MPG) using a GradientBoostingRegressor. The plot shows a clear negative relationship between horsepower and MPG, indicating that as the horsepower increases, the predicted fuel efficiency decreases. This relationship is depicted by the downward trend of the blue line across the range of horsepower values. The shaded grey area represents the 95% confidence interval, which shows some variability in the lower horsepower range but narrows as horsepower increases, suggesting more certainty in the model's predictions for higher horsepower values. The most significant impact is observed in the lower to mid-range of horsepower values, where the effect on prediction is steepest, highlighting the feature's strong influence in this range. Beyond approximately 125 horsepower, the effect on the prediction stabilizes, indicating diminishing returns of horsepower on the predicted MPG.",
001250,Pixtral-12B,0.4,"The provided 2D ALE plot visualizes the effect of two features, ""color_intensity"" and ""hue,"" on the prediction of a specific class in wine cultivar classification using a RandomForestClassifier. The color gradient from yellow to dark blue indicates the direction and magnitude of the effect on the prediction. Notably, higher ""color_intensity"" values (around 12) and lower ""hue"" values (around 0.6 to 0.8) have a positive effect on the prediction, as shown by the yellow regions. Conversely, lower ""color_intensity"" values (below 6) and higher ""hue"" values (above 1.0) have a negative effect, depicted by the darker blue regions. The magnitude of the effect is more pronounced in the lower ""color_intensity"" and higher ""hue"" regions, suggesting these features significantly influence the model's decision. Overall, ""color_intensity"" appears to have a more substantial impact on the prediction than ""hue,"" particularly at the extremes of their respective scales.",
000042,Idefics3-8B,0.01," The graph is a force plot that visualizes the SHAP values for the Ridge model's prediction of the target variable 182.67. The x-axis represents the features, and the y-axis represents the SHAP values. The color of the bars indicates the direction of the effect: red for positive and blue for negative. The features are age, sex, bmi, bp, s1, s2, s3, s4, s5, and s6. The feature s2 has the highest positive SHAP value, indicating that it has the most significant positive effect on the prediction. The feature s6 has the highest negative SHAP value, indicating that it has the most significant negative effect on the prediction.",
000068,Idefics3-8B,0.01," The scatter plot visualizes the relationship between the feature s5 and the target variable. The x-axis represents the feature s5, while the y-axis represents the SHAP value. The SHAP values range from -0.06 to 0.06. The data points are scattered across the plot, indicating a non-linear relationship between the feature s5 and the target variable. The SHAP values are generally positive, suggesting that the feature s5 has a positive effect on the prediction. However, there are some negative SHAP values, indicating that the feature s5 has a negative effect on the prediction in certain cases. The magnitude of the SHAP values varies, with some values being close to 0.02 and others being close to 0.06.",
000121,Idefics3-8B,0.01," The visual graph shows the SHAP values for the DecisionTreeClassifier model used in the breast cancer classification task. The features driving the model's decision are mean radius, mean texture, and mean concavity. The mean radius has a positive effect on the prediction, meaning that larger values of this feature increase the likelihood of the sample being malignant. The mean texture has a negative effect on the prediction, meaning that higher values of this feature decrease the likelihood of the sample being malignant. The mean concavity has a positive effect on the prediction, meaning that higher values of this feature increase the likelihood of the sample being malignant. The magnitude of their importance relative to each other is as follows: mean radius has the highest positive impact, followed by mean concavity, and then mean texture has the highest negative impact.",
000279,Idefics3-8B,0.01," The graph is a heatmap representing the SHAP values for the features influencing the model's prediction of fuel efficiency (MPG). The features displayed are cylinders, displacement, horsepower, weight, acceleration, and model-year. The SHAP values indicate the impact of each feature on the model's prediction, with positive values indicating a positive effect and negative values indicating a negative effect. The magnitude of the SHAP values is color-coded, with darker colors representing larger absolute values. The feature with the most positive impact on the prediction is horsepower, with a SHAP value of approximately 14.8. The feature with the most negative impact is acceleration, with a SHAP value of approximately -14.8. The feature with the least impact is weight, with a SHAP value close to zero. The model-year feature has a positive impact, with a SHAP value of approximately 4.8. The displacement feature has a negative impact, with a SHAP value of approximately -4.8. The cylinders feature has a positive impact, with a SHAP value of approximately 4.8.",
000356,Idefics3-8B,0.01," The visual graph represents the SHAP values (impact on model output) of various features on the class_0 prediction. The features driving the model's decision are alcohol, malic_acid, ash, alcalinity_of_ash, magnesium, total_phenols, flavanoids, nonflavanoid_phenols, proanthocyanins, color_intensity, hue, od280/od315_of_diluted_wines, and proline. The direction of their impact is indicated by the color of the bars: positive impact is represented by blue and negative impact by red. The magnitude of their importance relative to each other is indicated by the height of the bars. The most influential features are alcohol, malic_acid, and ash, which have a positive impact on the prediction. The least influential features are proline and od280/od315_of_diluted_wines, which have a negative impact on the prediction.",
000630,Idefics3-8B,0.01," The graph is a decision plot for a regression model predicting forest fire burned area. The model is an SVR (Support Vector Regression) and the xAI library used is SHAP (SHapley Additive exPlanations). The PermutationExplainer was used to generate the plot. The features displayed are X, Y, month, day, FFMC (Fine Fuel Moisture Code), DMC (Drought Code), DC (Drought Code), ISI (Initial Spread Index), temp (temperature), RH (Relative Humidity), wind, and rain. The y-axis represents the model's output value, ranging from 0 to 1.0. The x-axis represents the model's output value, ranging from 0 to 0.8. The graph shows the importance of each feature in predicting the burned area. The features with the most significant positive impact on the prediction are DC and RH. The feature with the most significant negative impact on the prediction is ISI. The feature with the least significant impact on the prediction is rain. The magnitude of the importance of each feature relative to each other can be determined by the height of the bars in the graph.",
000975,Idefics3-8B,0.01," The graph shows the local explanation for class 0, which represents the malignant class in the context of breast cancer classification. The features driving the model's decision are mean radius, mean texture, mean perimeter, mean area, mean smoothness, mean compactness, mean concavity, mean concave points, mean symmetry, mean fractal dimension, radius error, texture error, perimeter error, area error, smoothness error, compactness error, concavity error, concave points error, symmetry error, and fractal dimension error. The direction of their impact on the prediction is negative, indicating that these features are associated with the malignant class. The magnitude of their importance relative to each other can be inferred from the length of the bars, with mean radius and mean texture being the most important features.",
001074,Idefics3-8B,0.01," The graph shows the feature importance of the TorchRegressor model for predicting the burned area in forest fires. The features driving the model's decision are DC, DMC, FFMC, ISI, and temp. DC has a positive effect on the prediction, while DMC, FFMC, ISI, and temp have a negative effect. The magnitude of their importance relative to each other is as follows: DC is the most important feature, followed by DMC, FFMC, ISI, and temp.",
001204,Idefics3-8B,0.01," The attached graph is a 1D plot of the ALE (All-Else Equal) method, which is a model-agnostic technique for explaining the decisions made by a GradientBoostingRegressor. The x-axis represents the horsepower of a vehicle, while the y-axis shows the effect on the predicted fuel efficiency (MPG). The plot is centered at 0, indicating that the baseline MPG is 0. The graph shows that as the horsepower increases, the predicted MPG decreases. This indicates that higher horsepower vehicles tend to have lower fuel efficiency. The effect on MPG is negative, meaning that an increase in horsepower leads to a decrease in MPG. The magnitude of the effect is significant, with a drop in MPG of approximately 2-3 units for every 100 units of horsepower increase.",
001250,Idefics3-8B,0.01," The 2D ALE plot reveals that the features color_intensity and hue significantly influence the model's decision in the wine cultivar classification task. The color_intensity feature has a positive effect on the prediction, with a value of 0.01, indicating that higher intensity colors are associated with class_1. Conversely, the hue feature has a negative effect, with a value of -0.6, suggesting that certain hues are less likely to be classified as class_1. The magnitude of their importance is evident from the plot, with color_intensity having a more significant impact than hue.",
000042,Idefics3-8B,0.2," The visual graph represents the force plot of a Ridge model's decision-making process for predicting diabetes progression. The target value being predicted is 182.67, which is the specific class or local value. The graph is a force plot, which is a type of bar chart that shows the magnitude and direction of the effect of each feature on the model's prediction. The x-axis represents the features, while the y-axis represents the force of the effect. The graph is color-coded with blue representing the lower values and red representing the higher values. The features displayed are age, sex, bmi, bp, s1, s2, s3, s4, s5, and s6. The feature that has the most significant positive effect on the prediction is s2, with a force of 0.182. The feature that has the most significant negative effect on the prediction is s6, with a force of -0.182. The feature with the least significant effect on the prediction is s3, with a force of 0. The feature with the second most significant positive effect on the prediction is s5, with a force of 0.152. The feature with the second most significant negative effect on the prediction is s4, with a force of -0.152.",
000068,Idefics3-8B,0.2," The scatter plot visualizes the relationship between the feature s5 and the predicted values of the model. The x-axis represents the feature s5, while the y-axis represents the predicted values. The data points are color-coded to indicate the class of the target variable. The model's predictions are generally positive, with most data points lying above the x-axis. However, there are a few negative predictions, indicating that the model is not always accurate. The data points are scattered, suggesting that the relationship between the feature s5 and the predicted values is not linear. The SHAP values indicate that the feature s5 has a positive impact on the predictions, as the SHAP values are generally positive. However, there are some negative SHAP values, indicating that the feature s5 does not always have a positive impact on the predictions. The magnitude of the SHAP values varies, with some values being larger than others.",
000121,Idefics3-8B,0.2," The graph shows the impact of different features on the model's decision to classify a breast cancer case as malignant. The features are color-coded based on their effect on the prediction, with positive values indicating a positive effect and negative values indicating a negative effect. The features that drive the model's decision are mean radius, mean texture, mean perimeter, mean area, mean smoothness, mean compactness, mean concavity, mean concave points, mean symmetry, mean fractal dimension, radius error, texture error, perimeter error, area error, smoothness error, compactness error, concavity error, concave points error, symmetry error, and fractal dimension error. The mean radius feature has the most significant positive effect on the prediction, with a value of +0.25. The mean concavity feature has the most significant negative effect on the prediction, with a value of -0.25. The worst radius feature has the most significant positive effect on the prediction, with a value of +0.3. The worst concavity feature has the most significant negative effect on the prediction, with a value of -0.3.",
000279,Idefics3-8B,0.2," The graph is a heat map representing the SHAP values for the MPG prediction model. The SHAP values indicate the contribution of each feature to the model's prediction. The features displayed are cylinders, displacement, horsepower, weight, acceleration, and model-year. The y-axis represents the SHAP values, ranging from -14.8 to 4.83. The x-axis represents the instances, with each instance corresponding to a specific data point in the training dataset. 

The SHAP values for cylinders, displacement, and horsepower are predominantly positive, indicating that these features have a positive effect on the MPG prediction. The SHAP values for weight and acceleration are predominantly negative, indicating that these features have a negative effect on the MPG prediction. The SHAP value for model-year is positive, indicating that the model-year has a positive effect on the MPG prediction. The magnitude of the SHAP values varies across the instances, with some features having a larger impact on the prediction than others.",
000356,Idefics3-8B,0.2," The SHAP values (impact on model output) visualization reveals that the feature driving the model's decision is proline, with a positive effect on the prediction. The second most influential feature is ash, which also has a positive impact. The feature with the highest SHAP value is High, indicating that it has a significant positive effect on the prediction. The feature with the lowest SHAP value is Low, indicating that it has a negative effect on the prediction. The remaining features have moderate SHAP values, with alcohol, malic acid, and color intensity having a positive effect, while alcalinity of ash and magnesium have a negative effect.",
000630,Idefics3-8B,0.2," The visual graph represents the decision-making process of a Support Vector Regression (SVR) model in predicting forest fire burned area. The model's output is shown on the x-axis, ranging from 0 to 1.0. The y-axis represents the features influencing the model's prediction. The features displayed are X, Y, month, day, FFMC (Fuel Moisture Code), DMC (Drought Code), DC (Drought Code), ISI (Initial Spread Index), temp (temperature), RH (Relative Humidity), wind, and rain. The graph uses a decision tree visualization, with each feature represented by a different color line.

The features driving the model's decision are DC (Drought Code), DMC (Drought Code), and RH (Relative Humidity). These features have the most significant impact on the model's prediction. The direction of their impact is negative, meaning that higher values of these features lead to a lower predicted burned area. The magnitude of their importance relative to each other is as follows: DC (Drought Code) has the highest impact, followed by DMC (Drought Code), and then RH (Relative Humidity). The other features, such as X, Y, month, day, FFMC, ISI, temp, wind, and rain, have a lesser impact on the model's prediction.",
000975,Idefics3-8B,0.2," The graph illustrates the local explanation for class 0, which represents the malignant class in the context of breast cancer classification. The x-axis represents the error values ranging from -0.10 to 0.05. The y-axis shows the features driving the model's decision, with the worst area, worst texture, and worst perimeter being the most significant factors. The worst area has the highest negative impact, indicating that a larger area is associated with a lower likelihood of malignancy. The worst texture and worst perimeter also have a negative impact, suggesting that a more irregular texture and larger perimeter are indicative of benign tumors. The worst fractal dimension has a positive impact, indicating that a more complex shape is associated with malignancy. The radius error, texture error, and perimeter error have a positive impact, indicating that larger errors in these features are associated with malignancy. The worst fractal dimension error has a negative impact, indicating that larger errors in this feature are associated with benign tumors. The worst symmetry error and worst compactness error have a negative impact, indicating that larger errors in these features are associated with benign tumors.",
001074,Idefics3-8B,0.2," The graph visualizes the importance of various features in predicting the burned area in forest fires using a TorchRegressor model. The x-axis represents the features, while the y-axis indicates the feature values. The color gradient from blue to orange signifies the positive and negative impact of each feature on the prediction, with blue indicating a negative effect and orange indicating a positive effect. The magnitude of the importance is represented by the size of the bars. The features driving the model's decision are DC, FFMC, ISI, and RH. DC has the highest positive impact, followed by FFMC, ISI, and RH. The feature with the most negative impact is Y.",
001204,Idefics3-8B,0.2," The attached graph is a 1D Plot of the ALE (All-Else Equal) method, which is a model-agnostic technique used to explain the decision-making process of a GradientBoostingRegressor model. The x-axis represents the horsepower of a vehicle, and the y-axis shows the effect on the predicted fuel efficiency (MPG). The graph displays the impact of the horsepower feature on the model's prediction, with the y-axis ranging from -2 to 4.

The model's decision is primarily driven by the horsepower feature, as indicated by the significant drop in MPG prediction when the horsepower increases. The effect of horsepower on the prediction is negative, meaning that as the horsepower increases, the predicted MPG decreases. This relationship is evident from the downward trend in the graph. The magnitude of the impact of horsepower on the prediction is substantial, with a decrease of approximately 2 MPG when the horsepower increases from 50 to 175. Beyond 175 horsepower, the effect on MPG prediction becomes negligible, as the graph shows a gradual decline in the effect size.",
001250,Idefics3-8B,0.2," The graph titled ""2D ALE Plot"" illustrates the impact of color intensity and hue on the prediction of class_1 in the context of wine cultivar classification using a RandomForestClassifier. The x-axis represents color intensity, ranging from 0.6 to 1.6, while the y-axis denotes hue, ranging from -0.6 to 0.2. The color bar on the right side of the graph indicates the effect on prediction, with positive values indicating a positive effect and negative values indicating a negative effect. 

1. The features driving the model's decision are color intensity and hue. The color intensity has a positive effect on the prediction, as indicated by the positive values on the color bar. The hue, on the other hand, has a negative effect on the prediction, as indicated by the negative values on the color bar.

2. The direction of their impact is positive for color intensity and negative for hue. 

3. The magnitude of their importance relative to each other can be inferred from the length of the bars on the color bar. The color intensity has a more significant positive effect on the prediction compared to the negative effect of hue.",
000042,Idefics3-8B,0.4," The visual graph is a force plot representing the importance of different features in predicting the class 182.67. The features displayed are age, sex, bmi, bp, s1, s2, s3, s4, s5, and s6. The x-axis represents the features, while the y-axis represents the importance values. The feature 'bmi' has the highest importance, followed by'sex', 'bp','s1','s2','s3','s4','s5', and's6'. The feature 'bmi' has a positive effect on the prediction, while'sex' has a negative effect.",
000068,Idefics3-8B,0.4," The scatter plot shows the relationship between the feature s5 and the predicted value of the model. The model uses SHAP (SHapley Additive exPlanations) to explain the decision-making process. The x-axis represents the feature value of s5, ranging from -10 to 10. The y-axis represents the predicted value of the model, ranging from -0.6 to 0.6. The data points are color-coded with blue for positive predicted values and red for negative predicted values. There is a negative correlation between the feature s5 and the predicted value, indicating that as the feature s5 increases, the predicted value decreases. The magnitude of the effect of the feature s5 on the predicted value varies, with some data points showing a stronger negative correlation than others.",
000121,Idefics3-8B,0.4," The xAI visualization reveals that the most influential features driving the model's decision to classify a breast cancer image as malignant include mean radius, mean texture, and mean concavity. Mean radius has the strongest positive impact (+0.25) on the prediction, indicating that larger tumors are more likely to be malignant. Mean texture has a moderate positive effect (+0.13), suggesting that a more textured tumor is associated with malignancy. Mean concavity, conversely, has a negative impact (-0.23), implying that a less concave tumor is more likely to be malignant. The other features have a minor impact on the prediction, with worst radius and worst texture having positive effects, while worst perimeter and worst area have negative effects.",
000279,Idefics3-8B,0.4," The SHAP value heatmap reveals the contributions of various features to the model's prediction. The feature ""horsepower"" has a positive impact on the predicted fuel efficiency, indicating that higher horsepower generally correlates with better MPG. Conversely, ""cylinders"" negatively affects the prediction, suggesting that more cylinders often lead to lower MPG. The feature ""displacement"" has a mixed impact, with both positive and negative contributions depending on the specific value. ""Weight"" also has a mixed effect, with higher weights sometimes leading to better MPG and other times to worse MPG. The ""model-year"" and ""acceleration"" features have a less significant impact on the prediction, with ""model-year"" having a slight positive effect and ""acceleration"" a slight negative effect.",
000356,Idefics3-8B,0.4," The visual graph displays the SHAP values (impact on model output) of various features influencing the classification of wine cultivars. The features include alcohol, malic acid, ash, alcalinity of ash, magnesium, total phenols, flavanoids, nonflavanoid phenols, proanthocyanins, color intensity, hue, and od280/od315 of diluted wines, proline. The SHAP values are plotted on the y-axis, ranging from -4 to 8, indicating the magnitude of their impact on the model's prediction. 

The feature with the highest SHAP value is 'High', indicating a positive impact on the model's decision. The feature with the lowest SHAP value is 'Low', indicating a negative impact on the model's decision. The feature 'alcalinity of ash' has a relatively high SHAP value, suggesting that it has a significant positive impact on the model's prediction. The feature 'ash' also has a positive SHAP value, indicating that it has a moderate positive impact on the model's decision. The feature 'color intensity' has a moderate negative SHAP value, indicating that it has a negative impact on the model's prediction. The feature 'alcohol' has a moderate positive SHAP value, indicating that it has a positive impact on the model's decision. The feature 'total phenols' has a moderate positive SHAP value, indicating that it has a positive impact on the model's prediction. The feature 'flavanoids' has a moderate positive SHAP value, indicating that it has a positive impact on the model's decision. The feature 'nonflavanoid phenols' has a moderate negative SHAP value, indicating that it has a negative impact on the model's prediction. The feature 'proanthocyanins' has a moderate positive SHAP value, indicating that it has a positive impact on the model's decision. The feature 'hue' has a moderate positive SHAP value, indicating that it has a positive impact on the model's prediction. The feature 'od280/od315 of diluted wines' has a moderate positive SHAP value, indicating that it has a positive impact on the model's decision. The feature 'proline' has a moderate positive SHAP value, indicating that it has a positive impact on the model's prediction.",
000630,Idefics3-8B,0.4," The xAI visualization shows a complex interplay of various environmental factors influencing the model's prediction of forest fire burned area. The feature ""month"" has a significant positive impact on the prediction, as indicated by the high positive correlation. On the other hand, ""day"" has a negative impact, as indicated by the low negative correlation. The feature ""FFMC"" has a positive impact, while ""DMC"" has a negative impact. The feature ""DC"" has a positive impact, but to a lesser extent than ""FFMC"". The feature ""ISI"" has a negative impact, but its effect is relatively minor compared to the others. The features ""temp"", ""RH"", ""wind"", and ""rain"" have a negligible impact on the model's prediction. Overall, ""month"" is the most influential factor, followed by ""FFMC"", ""DC"", and ""DMC"".",
000975,Idefics3-8B,0.4," The visualization shows the local explanation for class 0, which represents the malignant class in the breast cancer classification task. The features driving the model's decision are mean radius, mean texture, mean perimeter, mean area, mean smoothness, mean compactness, mean concavity, mean concave points, mean symmetry, mean fractal dimension, radius error, texture error, perimeter error, area error, smoothness error, compactness error, concavity error, concave points error, symmetry error, and fractal dimension error. The direction of their impact on the prediction is negative, indicating that these features are contributing to the model's decision to classify the sample as malignant. The most important features are mean fractal dimension, radius error, and worst fractal dimension, with the worst fractal dimension being the most significant contributor. The least important features are mean symmetry and worst symmetry.",
001074,Idefics3-8B,0.4," The graph is a dashboard displaying the importance of various features in predicting the burned area of forest fires. The features are X, Y, month, day, FFMC, DMC, DC, ISI, temp, RH, wind, and rain. The y-axis represents the feature values, with negative values indicating a negative effect on the prediction and positive values indicating a positive effect. The x-axis represents the feature names. The graph shows that FFMC has the highest positive effect on the prediction, followed by DC, ISI, and temp. On the other hand, Y, month, and RH have the most negative effects on the prediction. The magnitude of their importance varies, with FFMC being the most influential feature, followed by DC and ISI.",
001204,Idefics3-8B,0.4," The graph represents the effect of horsepower on the prediction of fuel efficiency (MPG) using a GradientBoostingRegressor model. The x-axis represents horsepower, ranging from 50 to 250, while the y-axis shows the effect on prediction centered at 0. The 95% confidence interval is indicated by the shaded area. 

The model's decision is driven by the horsepower feature, which has a negative effect on the prediction. The effect starts at around -3 when the horsepower is 50, indicating that as the horsepower increases, the predicted fuel efficiency decreases. This effect remains consistent throughout the range, with the negative impact becoming more pronounced as the horsepower increases. The magnitude of the effect is relatively stable, with the prediction centered around -1 to -2 for the majority of the horsepower range. However, there is a noticeable dip around 125 horsepower, where the effect becomes less negative, indicating a slight improvement in predicted fuel efficiency. This could suggest a possible optimal horsepower range for fuel efficiency.",
001250,Idefics3-8B,0.4," The attached visual graph is a 2D ALE plot that provides insights into the decision-making process of a RandomForestClassifier model used for wine cultivar classification. The graph is divided into two primary axes: color_intensity and hue, which are the features driving the model's decision. The x-axis represents color_intensity, ranging from 0.6 to 1.6, while the y-axis represents hue, ranging from -0.6 to 0.2. 

1. **Features driving the model's decision:** The model's decisions are primarily influenced by two features: color_intensity and hue. The color_intensity feature has a positive impact on the prediction, as the color bar is positioned at the top right corner of the graph, indicating that higher values of color_intensity tend to positively affect the classification. On the other hand, the hue feature has a negative impact on the prediction, as the color bar is positioned at the bottom left corner of the graph, indicating that lower values of hue tend to negatively affect the classification.

2. **Direction of their impact:** 
   - **Color_intensity:** Positive effect on the prediction.
   - **Hue:** Negative effect on the prediction.

3. **Magnitude of their importance relative to each other:** The color bar lengths indicate the importance of each feature. The color bar for color_intensity is longer than that for hue, suggesting that the color_intensity feature has a greater impact on the model's decision compared to the hue feature.

In summary, the model relies heavily on color_intensity for making accurate predictions, and lower values of hue negatively impact the classification. This information is crucial for understanding the model's behavior and could be used to improve the model's performance by either adjusting the features or the model's parameters.",
